{
  "providers": {
    "awscloudformation": {
      "AuthRoleName": "amplify-paperkitapp-dev-133252-authRole",
      "UnauthRoleArn": "arn:aws:iam::516243591854:role/amplify-paperkitapp-dev-133252-unauthRole",
      "AuthRoleArn": "arn:aws:iam::516243591854:role/amplify-paperkitapp-dev-133252-authRole",
      "Region": "us-east-1",
      "DeploymentBucketName": "amplify-paperkitapp-dev-133252-deployment",
      "UnauthRoleName": "amplify-paperkitapp-dev-133252-unauthRole",
      "StackName": "amplify-paperkitapp-dev-133252",
      "StackId": "arn:aws:cloudformation:us-east-1:516243591854:stack/amplify-paperkitapp-dev-133252/0789c080-fa74-11ea-8615-0a8267cebc39",
      "AmplifyAppId": "d2zhq3dtm2isuk"
    }
  },
  "auth": {
    "paperkitappce4cf5f4": {
      "service": "Cognito",
      "providerPlugin": "awscloudformation",
      "dependsOn": [],
      "customAuth": false,
      "providerMetadata": {
        "s3TemplateURL": "https://s3.amazonaws.com/amplify-paperkitapp-dev-133252-deployment/amplify-cfn-templates/auth/paperkitappce4cf5f4-cloudformation-template.yml",
        "logicalId": "authpaperkitappce4cf5f4"
      },
      "lastPushTimeStamp": "2020-09-20T17:50:14.196Z",
      "output": {
        "AppClientSecret": "14bqdqg4j1pti7njfl7a215i78ugrak0upq1uks20jit98hd18a5",
        "UserPoolId": "us-east-1_A3lzURrDX",
        "AppClientIDWeb": "5g3qbk75i1g5rmu10ksgihrbes",
        "AppClientID": "2hgoe1idn8q48e4pfnqbaschjp",
        "IdentityPoolId": "us-east-1:92068790-39fe-4abe-9dd5-58bbf1e8f82d",
        "IdentityPoolName": "paperkitappce4cf5f4_identitypool_ce4cf5f4__dev",
        "UserPoolName": "paperkitappce4cf5f4_userpool_ce4cf5f4"
      },
      "lastPushDirHash": "s3pgFteKFh9TuyNRnDdccNb+rlM="
    }
  },
  "api": {
    "paperkitapp": {
      "service": "AppSync",
      "providerPlugin": "awscloudformation",
      "output": {
        "authConfig": {
          "defaultAuthentication": {
            "authenticationType": "AMAZON_COGNITO_USER_POOLS",
            "userPoolConfig": {
              "userPoolId": "authpaperkitappce4cf5f4"
            }
          },
          "additionalAuthenticationProviders": []
        },
        "GraphQLAPIIdOutput": "3rcrglmd4vgpbpdslvbeyluhbu",
        "GraphQLAPIEndpointOutput": "https://l2rrgxayejbr3gazrvurhoica4.appsync-api.us-east-1.amazonaws.com/graphql"
      },
      "providerMetadata": {
        "s3TemplateURL": "https://s3.amazonaws.com/amplify-paperkitapp-dev-133252-deployment/amplify-cfn-templates/api/cloudformation-template.json",
        "logicalId": "apipaperkitapp"
      },
      "lastPushTimeStamp": "2020-09-20T17:50:15.475Z",
      "lastPushDirHash": "akWnQgLUiqikFutUM4oysa/tsHg="
    }
  },
  "hosting": {
    "S3AndCloudFront": {
      "service": "S3AndCloudFront",
      "providerPlugin": "awscloudformation",
      "providerMetadata": {
        "s3TemplateURL": "https://s3.amazonaws.com/amplify-paperkitapp-dev-133252-deployment/amplify-cfn-templates/hosting/template.json",
        "logicalId": "hostingS3AndCloudFront"
      },
      "lastPushTimeStamp": "2020-09-20T17:50:15.475Z",
      "output": {
        "S3BucketSecureURL": "https://paperkitapp-20200920184032-hostingbucket-dev.s3.amazonaws.com",
        "WebsiteURL": "http://paperkitapp-20200920184032-hostingbucket-dev.s3-website-us-east-1.amazonaws.com",
        "Region": "us-east-1",
        "HostingBucketName": "paperkitapp-20200920184032-hostingbucket-dev"
      },
      "lastPushDirHash": "Xi0Fyoing6GUnnDaeOfXAbiCxhI="
    }
  }
}