{
  "auth": {
    "paperkitappce4cf5f4": {
      "service": "Cognito",
      "providerPlugin": "awscloudformation",
      "dependsOn": [],
      "customAuth": false
    }
  },
  "api": {
    "paperkitapp": {
      "service": "AppSync",
      "providerPlugin": "awscloudformation",
      "output": {
        "authConfig": {
          "defaultAuthentication": {
            "authenticationType": "AMAZON_COGNITO_USER_POOLS",
            "userPoolConfig": {
              "userPoolId": "authpaperkitappce4cf5f4"
            }
          },
          "additionalAuthenticationProviders": []
        }
      }
    }
  },
  "hosting": {
    "S3AndCloudFront": {
      "service": "S3AndCloudFront",
      "providerPlugin": "awscloudformation"
    }
  }
}