{
  "dev": {
    "awscloudformation": {
      "AuthRoleName": "amplify-paperkitapp-dev-133252-authRole",
      "UnauthRoleArn": "arn:aws:iam::516243591854:role/amplify-paperkitapp-dev-133252-unauthRole",
      "AuthRoleArn": "arn:aws:iam::516243591854:role/amplify-paperkitapp-dev-133252-authRole",
      "Region": "us-east-1",
      "DeploymentBucketName": "amplify-paperkitapp-dev-133252-deployment",
      "UnauthRoleName": "amplify-paperkitapp-dev-133252-unauthRole",
      "StackName": "amplify-paperkitapp-dev-133252",
      "StackId": "arn:aws:cloudformation:us-east-1:516243591854:stack/amplify-paperkitapp-dev-133252/0789c080-fa74-11ea-8615-0a8267cebc39",
      "AmplifyAppId": "d2zhq3dtm2isuk"
    },
    "categories": {
      "auth": {
        "paperkitappce4cf5f4": {}
      }
    }
  }
}